keyword  Volume 	Comp. 	IAAT 
chess	613,267	48.85	110,696
chess online	106,951	14.7	439
auto chess	66,199	19.34	1,553
online chess	63,717	15.21	513
chess coolmath	60,298	—	0
world chess championship	58,389	16.38	722
chess board	48,168	16.79	810
dota auto chess	41,556	15.27	523
chess pieces	37,346	16.29	704
play chess	31,728	16.89	832
chess unblocked	31,329	5.3	4
cool math chess	27,750	—	0
cool math games chess	24,646	—	0
chess puzzle of the day	24,307	5.56	5
play chess online	24,114	11.42	137
coolmath chess	23,605	—	0
play live chess	23,570	5.56	5
chess boxing	23,090	9.71	65
chess openings	19,817	17.3	930
chess game	19,667	22.26	2,970
chess pie	17,302	14.6	426
auto chess tier list	16,809	5.56	5
how to play chess	15,547	11.52	143
dota 2 auto chess	15,222	12.79	231
chess world championship	13,810	7.67	22
chess championship	13,026	22.52	3,130
live chess	12,147	10.47	92
chess rankings	11,200	6.47	10
chess kids	10,799	7.6	21
dota chess	10,748	4.98	3
chess strategy	10,629	14.96	476
reddit chess	10,548	8.92	44
chess engine	10,201	14.95	474
world chess championship 2018	10,190	9.21	51
3d chess	10,117	15.23	517
chess cool math games	10,051	—	0
chess 24	9,855	5.56	5
chinese chess	9,694	13.99	349
4d chess	9,670	6.85	13
auto chess reddit	9,455	6.85	13
dota auto chess tier list	9,304	5.56	5
2 player chess	9,294	7.67	22
chess puzzles	8,285	12.43	203
chess games	7,894	27.97	8,489
chess set	6,973	19.58	1,644
chess board setup	6,781	4.56	2
reddit auto chess	6,712	—	0
free online chess	6,589	10.82	107
auto chess mobile	4,308	9.54	60
league of legends auto chess	82	5.3	4